{
  "id": "",
  "name": "",
  "font_family": "iconfont",
  "css_prefix_text": "icon-",
  "description": "",
  "glyphs": [
    {
      "icon_id": "702680",
      "name": "hololens",
      "font_class": "hololens",
      "unicode": "e8ce",
      "unicode_decimal": 59598
    },
    {
      "icon_id": "3746975",
      "name": "laptop",
      "font_class": "laptop",
      "unicode": "e609",
      "unicode_decimal": 58889
    },
    {
      "icon_id": "3876264",
      "name": "xbox",
      "font_class": "xbox",
      "unicode": "e62e",
      "unicode_decimal": 58926
    },
    {
      "icon_id": "3876349",
      "name": "bing",
      "font_class": "bing",
      "unicode": "e63f",
      "unicode_decimal": 58943
    },
    {
      "icon_id": "13302923",
      "name": "azure",
      "font_class": "azure",
      "unicode": "e626",
      "unicode_decimal": 58918
    },
    {
      "icon_id": "22894819",
      "name": "windows",
      "font_class": "windows",
      "unicode": "e68b",
      "unicode_decimal": 59019
    }
  ]
}
